case,request,budget,status,callback_error,callback_final,request_to_first_text_ms,send_to_first_text_ms,prepare_ms,total_request_ms,text_callbacks,output,output_sha256,prefill_tokens,prefill_ms,decode_tokens,decode_ms,rss_periodic_samples,rss_periodic_max_kib,after_Rss_kib,after_Pss_kib,after_Swap_kib,expected_error,completed_as_expected,fixture_phrase_check
budget70-1,0,70,0,,True,8661.829945,1331.277604,7330.552341,9911.018747,22,"The three colored shapes from left to right are a red square, a blue circle, and a green triangle.",47b640634ebb632b2954a9876189aeaed5bcdc038797fd7d4f1b89cd8de9258d,101,238.317812,23,2119.766249,20,1136836,1137184,1131233,12,False,True,True
budget280-1,1,280,0,,True,2116.327187,2112.462968,3.864219,3348.494217,22,"The three colored shapes from left to right are a red square, a blue circle, and a green triangle.",47b640634ebb632b2954a9876189aeaed5bcdc038797fd7d4f1b89cd8de9258d,304,1125.691458,23,1289.3498430000002,7,1214052,1204204,1198253,12,False,True,True
budget280-2,2,280,0,,True,2041.653384,2037.698697,3.954687,3271.985102,22,"The three colored shapes from left to right are a red square, a blue circle, and a green triangle.",47b640634ebb632b2954a9876189aeaed5bcdc038797fd7d4f1b89cd8de9258d,304,1061.424896,23,1286.852499,7,1214068,1204216,1198265,12,False,True,True
budget70-2,3,70,0,,True,501.151354,497.548385,3.602969,1725.412343,22,"The three colored shapes from left to right are a red square, a blue circle, and a green triangle.",47b640634ebb632b2954a9876189aeaed5bcdc038797fd7d4f1b89cd8de9258d,101,220.995156,23,1280.3765620000001,3,1206556,1204220,1198269,12,False,True,True
budget70-3,4,70,0,,True,497.834375,494.332968,3.501407,1720.806354,22,"The three colored shapes from left to right are a red square, a blue circle, and a green triangle.",47b640634ebb632b2954a9876189aeaed5bcdc038797fd7d4f1b89cd8de9258d,101,218.976198,23,1278.801458,3,1204220,1204220,1198269,12,False,True,True
budget280-3,5,280,0,,True,2045.904062,2042.142031,3.762031,3277.341666,22,"The three colored shapes from left to right are a red square, a blue circle, and a green triangle.",47b640634ebb632b2954a9876189aeaed5bcdc038797fd7d4f1b89cd8de9258d,304,1063.7222390000002,23,1287.9217190000002,7,1214068,1204220,1198269,12,False,True,True
invalid-image,6,70,3,,False,,,3.776667,5.049219,0,,e3b0c44298fc1c149afbf4c8996fb92427ae41e4649b934ca495991b7852b855,,,,,0,,1204232,1198281,12,True,True,
invalid-budget,7,0,3,,False,,,3.519115,4.587396,0,,e3b0c44298fc1c149afbf4c8996fb92427ae41e4649b934ca495991b7852b855,,,,,0,,1204232,1198281,12,True,True,
recovery,8,70,0,,True,500.752135,497.419167,3.332968,1728.122812,22,"The three colored shapes from left to right are a red square, a blue circle, and a green triangle.",47b640634ebb632b2954a9876189aeaed5bcdc038797fd7d4f1b89cd8de9258d,101,219.930469,23,1283.154687,4,1206484,1204232,1198281,12,False,True,True
