request,start_ns,first_text_ms,input_preparation_ms,prefill_api_ms,decode_api_ms,request_ms,input_tokens,decode_tokens,decode_benchmark_tokens_s,text_callbacks,output_utf8_bytes,output_sha256,error,decode_wall_tokens_s
0,427828714749190,1123.918281,8.502396,259.639479,12089.507652,12471.260308,77,201,16.626304630245432,200,1070,b9a22dfb93338b4dda05ce5a04316b5969a654caf0ce15577321d8907588507e,,16.62598724330581
1,427841224644342,390.736562,3.990364,241.416719,11258.048121,11613.225829,77,201,17.85411423880968,200,1070,b9a22dfb93338b4dda05ce5a04316b5969a654caf0ce15577321d8907588507e,,17.85389419548387
2,427852859568608,368.285,3.844375,224.344843,11351.794423,11698.745464,77,201,17.70690123795929,200,1070,b9a22dfb93338b4dda05ce5a04316b5969a654caf0ce15577321d8907588507e,,17.70645173002355
3,427864581873239,419.209375,3.860938,252.958802,13741.874995,14161.15588,77,201,14.627573556570432,200,1070,b9a22dfb93338b4dda05ce5a04316b5969a654caf0ce15577321d8907588507e,,14.626824947333178
4,427878783970213,662.883437,6.674531,395.134687,20709.899836,21304.364002,77,201,9.705975127619475,200,1070,b9a22dfb93338b4dda05ce5a04316b5969a654caf0ce15577321d8907588507e,,9.705503242009982
5,427900128724528,663.193437,6.430833,395.538073,20706.184471,21300.783637,77,201,9.707491589177303,200,1070,b9a22dfb93338b4dda05ce5a04316b5969a654caf0ce15577321d8907588507e,,9.707244725918002
6,427921469224728,668.683229,6.510364,396.224844,20592.845304,21184.255356,77,201,9.760816151040672,200,1070,b9a22dfb93338b4dda05ce5a04316b5969a654caf0ce15577321d8907588507e,,9.760671584366117
7,427942693940709,653.979688,10.262448,395.088854,20561.982336,21150.151346,77,201,9.775488726209351,200,1070,b9a22dfb93338b4dda05ce5a04316b5969a654caf0ce15577321d8907588507e,,9.775322083031284
8,427963884844087,661.702291,7.378489,395.607136,20672.080513,21259.057439,77,201,9.72343715171924,200,1070,b9a22dfb93338b4dda05ce5a04316b5969a654caf0ce15577321d8907588507e,,9.72325934361554
9,427985182961214,648.476406,6.769427,398.875676,20670.497232,21250.364575,77,201,9.72432719589997,200,1070,b9a22dfb93338b4dda05ce5a04316b5969a654caf0ce15577321d8907588507e,,9.724004108078825
10,428006477368758,662.568958,6.818281,396.667708,20677.808065,21272.479679,77,201,9.72070690621245,200,1070,b9a22dfb93338b4dda05ce5a04316b5969a654caf0ce15577321d8907588507e,,9.72056609521489
11,428027793647916,662.673229,7.132344,396.498593,20684.468586,21282.814419,77,201,9.717643585704154,200,1070,b9a22dfb93338b4dda05ce5a04316b5969a654caf0ce15577321d8907588507e,,9.717436015544733
12,428049116788169,665.384583,6.502968,396.990677,20700.802179,21291.432804,77,201,9.709902134951427,200,1070,b9a22dfb93338b4dda05ce5a04316b5969a654caf0ce15577321d8907588507e,,9.709768648671265
13,428070450418004,668.000365,6.737917,398.322083,20700.012024,21301.416919,77,201,9.710335502017877,200,1070,b9a22dfb93338b4dda05ce5a04316b5969a654caf0ce15577321d8907588507e,,9.710139287211847
14,428091791404611,666.156562,6.752187,397.409791,20703.221086,21290.353429,77,201,9.708829143391343,200,1070,b9a22dfb93338b4dda05ce5a04316b5969a654caf0ce15577321d8907588507e,,9.708634186200177
15,428113124938353,659.665989,6.671875,397.09276,20648.918325,21237.078689,77,201,9.734313922161558,200,1070,b9a22dfb93338b4dda05ce5a04316b5969a654caf0ce15577321d8907588507e,,9.734166063151397
16,428134402091574,660.89151,6.644843,396.160417,20656.480617,21252.585096,77,201,9.730782765129897,200,1070,b9a22dfb93338b4dda05ce5a04316b5969a654caf0ce15577321d8907588507e,,9.730602406422504
17,428155702374013,652.012396,7.223282,396.129427,20741.350565,21326.178378,77,201,9.69111721337212,200,1070,b9a22dfb93338b4dda05ce5a04316b5969a654caf0ce15577321d8907588507e,,9.69078649773065
18,428177069079318,664.080625,6.678594,397.156354,20693.817076,21289.829679,77,201,9.713224427447463,200,1070,b9a22dfb93338b4dda05ce5a04316b5969a654caf0ce15577321d8907588507e,,9.713046136525152
19,428198399674674,654.53776,6.775,397.248125,20661.79994,21252.00869,77,201,9.728268433146622,200,1070,b9a22dfb93338b4dda05ce5a04316b5969a654caf0ce15577321d8907588507e,,9.728097289862733
20,428219691742739,655.263229,6.636875,397.018333,20707.117857,21296.225409,77,201,9.706975045901403,200,1070,b9a22dfb93338b4dda05ce5a04316b5969a654caf0ce15577321d8907588507e,,9.70680716592591
21,428241030465804,669.046302,6.73125,396.677604,20675.212336,21262.1052,77,201,9.721936350403585,200,1070,b9a22dfb93338b4dda05ce5a04316b5969a654caf0ce15577321d8907588507e,,9.721786491644183
22,428262332230379,663.438177,6.504531,395.583489,20641.716137,21242.591398,77,201,9.737755672802177,200,1070,b9a22dfb93338b4dda05ce5a04316b5969a654caf0ce15577321d8907588507e,,9.737562451976084
23,428283613989277,662.504844,6.859688,396.530261,20607.871919,21186.868586,77,201,9.75366336521222,200,1070,b9a22dfb93338b4dda05ce5a04316b5969a654caf0ce15577321d8907588507e,,9.753554408239623
24,428304845917967,668.798073,6.422396,398.221094,20628.046816,21227.708013,77,201,9.744158502452,200,1070,b9a22dfb93338b4dda05ce5a04316b5969a654caf0ce15577321d8907588507e,,9.744015116549754
25,428326112627959,659.242916,6.701302,398.884896,20666.155878,21256.672961,77,201,9.726182388798966,200,1070,b9a22dfb93338b4dda05ce5a04316b5969a654caf0ce15577321d8907588507e,,9.726046836507848
26,428347410229357,662.113802,6.68,394.522917,20633.962336,21224.56395,77,201,9.741358652468552,200,1070,b9a22dfb93338b4dda05ce5a04316b5969a654caf0ce15577321d8907588507e,,9.741221619335615
27,428368678695547,659.499687,6.721406,395.930104,20630.351398,21225.791138,77,201,9.743069834043922,200,1070,b9a22dfb93338b4dda05ce5a04316b5969a654caf0ce15577321d8907588507e,,9.742926628941758
28,428389943723924,648.83526,6.726406,393.646718,20677.130304,21259.543794,77,201,9.721108009470798,200,1070,b9a22dfb93338b4dda05ce5a04316b5969a654caf0ce15577321d8907588507e,,9.720884718761795
29,428411245231937,672.475,6.564531,395.07974,20621.679628,21209.856502,77,201,9.747131252880019,200,1070,b9a22dfb93338b4dda05ce5a04316b5969a654caf0ce15577321d8907588507e,,9.747023696706224
30,428432495058283,657.11927,6.461823,395.688802,20556.268222,21143.087179,77,201,9.778213639104838,200,1070,b9a22dfb93338b4dda05ce5a04316b5969a654caf0ce15577321d8907588507e,,9.778039371216373
31,428453676848900,673.074218,6.657083,394.208021,20639.452701,21242.404835,77,201,9.738816045728958,200,1070,b9a22dfb93338b4dda05ce5a04316b5969a654caf0ce15577321d8907588507e,,9.738630326678255
32,428474960651496,662.716718,6.834583,397.203281,20767.855982,21358.095252,77,201,9.678565275531897,200,1070,b9a22dfb93338b4dda05ce5a04316b5969a654caf0ce15577321d8907588507e,,9.678418425773538
33,428496359457529,671.114531,9.59349,395.0275,20671.387753,21276.084732,77,201,9.723756183663284,200,1070,b9a22dfb93338b4dda05ce5a04316b5969a654caf0ce15577321d8907588507e,,9.723585199103493
34,428517675204552,656.693959,6.887032,394.78,20700.041711,21288.757024,77,201,9.71030623214114,200,1070,b9a22dfb93338b4dda05ce5a04316b5969a654caf0ce15577321d8907588507e,,9.710125361399085
35,428539005697149,670.745885,6.882552,396.058021,20614.144732,21213.493325,77,201,9.75146184357343,200,1070,b9a22dfb93338b4dda05ce5a04316b5969a654caf0ce15577321d8907588507e,,9.750586435341226
36,428560259235005,639.703385,6.742031,392.803281,20633.316451,21205.313065,77,201,9.741829210976853,200,1070,b9a22dfb93338b4dda05ce5a04316b5969a654caf0ce15577321d8907588507e,,9.741526548935301
37,428581505226872,660.841458,6.457812,393.095677,20644.847492,21238.563169,77,201,9.736281153057465,200,1070,b9a22dfb93338b4dda05ce5a04316b5969a654caf0ce15577321d8907588507e,,9.736085484665782
38,428602783909572,664.263177,6.692136,397.988125,20629.385357,21225.145044,77,201,9.74352803713933,200,1070,b9a22dfb93338b4dda05ce5a04316b5969a654caf0ce15577321d8907588507e,,9.74338287455551
39,428624048756595,659.662604,6.736875,398.174375,20654.907284,21249.531763,77,201,9.73148441380215,200,1070,b9a22dfb93338b4dda05ce5a04316b5969a654caf0ce15577321d8907588507e,,9.731343609356285
40,428645338233306,672.422291,6.75375,398.595,20644.719888,21249.076294,77,201,9.736288841376336,200,1070,b9a22dfb93338b4dda05ce5a04316b5969a654caf0ce15577321d8907588507e,,9.736145662932135
41,428666632536214,671.579219,6.911511,397.208489,20605.091867,21211.316086,77,201,9.755042228523195,200,1070,b9a22dfb93338b4dda05ce5a04316b5969a654caf0ce15577321d8907588507e,,9.75487036395653
42,428687881084435,657.575313,6.601928,396.384115,20640.638847,21223.607336,77,201,9.738246230437056,200,1070,b9a22dfb93338b4dda05ce5a04316b5969a654caf0ce15577321d8907588507e,,9.738070681335245
43,428709146781927,666.986979,6.655157,398.246458,20700.461659,21296.586867,77,201,9.710277670315653,200,1070,b9a22dfb93338b4dda05ce5a04316b5969a654caf0ce15577321d8907588507e,,9.709928373148655
